{
    "maximum_pressure_ts": [
        2.86247967894298,
        3.0,
        2.92563116692442,
        2.96005162439102,
        2.93259359838848,
        3.0,
        3.0,
        2.88705787552031
    ],
    "minimum_pressure_ts": [
        0.0,
        0.0,
        0.0935965202047823,
        0.0897205743360064,
        0.117947323806747,
        0.164588012668256,
        0.0700529574749212,
        0.135055127004442
    ],
    "median_pressure_ts": [
        1.495514941102285,
        1.5020983604716749,
        1.5075882014089501,
        1.4999231236039,
        1.487006281201225,
        1.46864613906235,
        1.516595633196695,
        1.510545498798885
    ],
    "mean_absolute_deviation_pressure_ts": [
        0.6478777499652049,
        0.6481953595668122,
        0.6497139469153153,
        0.6476928033823854,
        0.6403140001329999,
        0.6422684893341849,
        0.6380609828227011,
        0.6360950350271313
    ],
    "activity_and_small_scatter": [
        1.4913371573020513,
        4.442965983934977,
        2.3262110837448557,
        2.6823836041819575,
        0.5866831286533647,
        4.161534234933933,
        1.8712822875834365,
        2.61287215504821
    ],
    "environment_and_small_scatter": [
        0.6211690510836972,
        0.7209951033223337,
        1.0542416741907705,
        0.8560915175947187,
        1.300309513548302,
        0.97404854661723,
        0.6637282867729117,
        1.2402408241286986
    ],
    "evaluation": "ok"
}